https://www.cpp.edu/philanthropy/, 28
https://www.cpp.edu/faculty-staff-gateway/index.shtml, 130
https://www.cpp.edu/~alumni/, 74
https://my.cpp.edu, 8
https://www.cpp.edu/safer-return/health-and-safety-protocols/index.shtml, 44
https://www.cpp.edu/library/index.shtml, 46
https://broncoathletics.com/, 120
https://www.cpp.edu/class/, 60
https://polycentric.cpp.edu/2021/09/u-s-news-ranks-cal-poly-pomona-no-3-top-public-school-in-west/, 74
https://www.cpp.edu/cafe/, 37
https://www.cpp.edu/em/, 99
https://www.cpp.edu/broncodreamers/index.shtml, 61
https://www.cpp.edu/#CPPCarousel, 85
https://www.cpp.edu/studentsuccess/virtual-advising-toolkit.shtml, 103
https://www.cpp.edu/campus-safety-plan.shtml, 15
https://www.cpp.edu/president/campus-conversations/campus-budget-update.shtml, 38
https://www.cpp.edu/student-affairs/covid19.shtml, 38
https://www.cpp.edu/alumni/, 74
http://www.cpp.edu/student-affairs/index.shtml, 70
https://outlook.office365.com/cpp.edu, 0
https://polycentric.cpp.edu/2021/07/cal-poly-pomona-alum-timothy-lam-to-compete-in-olympic-games/, 73
https://www.cpp.edu/collins/, 47
https://www.cpp.edu/index.shtml, 85
https://www.cpp.edu/engineering/, 96
https://www.cpp.edu/agri/, 122
https://www.cpp.edu/admissions/, 72
https://www.cpp.edu/lanterman/, 19
https://www.cpp.edu/ai/pop-up-course/index.shtml, 43
https://www.cpp.edu/website-feedback.shtml, 11
https://www.cpp.edu/events/, 22
https://broncoathletics.com/calendar.aspx, 121
http://www.cpp.edu/it/index.shtml, 55
https://cpp.service-now.com/ehelp, 2
http://portfolios.cpp.edu/, 96
https://www.cpp.edu/, 85
https://cpp.service-now.com/ehelp?id=kb_article&sysparm_article=KB0001273, 2
https://www.cpp.edu/accessibility.shtml, 19
https://www.cpp.edu/#main, 85
https://www.cpp.edu/contact.shtml, 21
https://www.cpp.edu/~pumpkinfestival/, 43
https://www.cpp.edu/officeofequity/titleIX/index.shtml, 57
https://www.cpp.edu/sci, 58
https://www2.calstate.edu, 151
https://www.cpp.edu/cba/, 85
https://www.facebook.com/calpolypomona, 46
https://twitter.com/calpolypomona, 6
https://www.cpp.edu/academic-manual, 38
https://www.cpp.edu/president/from-the-president/2021-spring/a-transformative-gift-for-a-transformative-university.shtml, 39
https://polycentric.cpp.edu/2021/09/jet-pack-cow-to-soar-over-cal-poly-universities-2022-rose-float/, 82
https://www.cpp.edu/family/index.shtml, 37
https://www.cpp.edu/studentsuccess/advising/advising-month.shtml, 68
https://apps.cpp.edu/bronco411/search/, 24
https://polycentric.cpp.edu, 78
https://www.cpp.edu/stratcomm/for-the-media.shtml, 89
http://www.cpp.edu/president/, 45
http://www.cpp.edu/admin-affairs/index.shtml, 65
https://maps.cpp.edu/, 0
http://www.cpp.edu/academic-affairs/index.shtml, 106
https://www.cpp.edu/file-viewers.shtml, 15
https://www.cpp.edu/prospective-student-gateway/index.shtml, 152
https://www.ceu.cpp.edu/, 0
https://www.cpp.edu/safer-return/index.shtml, 39
https://www.cpp.edu/giving/about-us.shtml, 26
https://www.cpp.edu/student-gateway/index.shtml, 163
https://my.cpp.edu/, 8
https://www.cpp.edu/jobs/index.shtml, 93
https://www.cpp.edu/alpha-index/index.shtml, 15
https://www.cpp.edu/annual-security-report.shtml, 11
https://polycentric.cpp.edu/2021/09/hispanic-heritage-month-celebrating-the-cal-poly-pomona-community/, 63
http://asi.cpp.edu/, 84
https://www.cpp.edu/env/, 78
https://www.cpp.edu/privacy.shtml, 17
https://www.youtube.com/user/calpolypomona, 14
https://www.cpp.edu/~aboutcpp/index.shtml, 61
https://www.instagram.com/calpolypomona/, 0
https://www.cpp.edu/ceis/, 93
https://www.cpp.edu/giving/index.shtml, 29
